,Last name / Surname,Number of occurences among people self-identifying as given race,Surname rank among given race,% of people with surname self-identifying as given race,U.S. Rank,U.S. total occurrences,Given Race
0,Troyer,12866.0,1786,98.3,2536,13091,White
1,Yoder,43409.0,448,98.1,707,44245,White
2,Schulte,15902.0,1408,97.4,2037,16327,White
3,Wisniewski,12431.0,1845,97.4,2602,12760,White
4,Mast,12518.0,1828,97.3,2587,12869,White
5,Mcdonough,20740.0,1043,97.2,1542,21340,White
6,Stauffer,14624.0,1562,97.2,2217,15045,White
7,Hummel,14463.0,1577,97.2,2244,14878,White
8,Kaminski,13788.0,1647,97.2,2337,14190,White
9,Tierney,12895.0,1783,97.2,2491,13262,White
10,Schmitz,22345.0,970,97.2,1423,22984,White
11,Nowak,17978.0,1230,97.1,1777,18515,White
12,Epstein,12878.0,1784,97.1,2489,13269,White
13,Krueger,35615.0,570,97.1,863,36694,White
14,Maurer,19727.0,1111,97.0,1616,20333,White
15,Albrecht,16731.0,1330,97.0,1914,17256,White
16,Schreiber,15460.0,1453,97.0,2086,15945,White
17,Coughlin,13794.0,1644,97.0,2333,14226,White
18,Ouellette,13090.0,1749,97.0,2455,13498,White
19,Mueller,62350.0,291,97.0,467,64305,White
20,Fink,27564.0,780,97.0,1128,28417,White
21,Siegel,21060.0,1024,96.9,1514,21725,White
22,Kauffman,19940.0,1099,96.9,1602,20576,White
23,Kowalski,17572.0,1265,96.9,1817,18134,White
24,Omalley,16499.0,1354,96.9,1938,17027,White
25,Schrader,15950.0,1401,96.9,2021,16464,White
26,Herrmann,12649.0,1812,96.9,2541,13056,White
27,Koch,45815.0,420,96.9,657,47286,White
28,Gustafson,25619.0,838,96.9,1213,26433,White
29,Schumacher,23819.0,909,96.9,1315,24573,White
30,Toth,19275.0,1143,96.8,1649,19918,White
31,Beyer,17339.0,1282,96.8,1843,17910,White
32,Maguire,15346.0,1467,96.8,2100,15853,White
33,Horvath,15035.0,1513,96.8,2147,15538,White
34,Silverman,14808.0,1538,96.8,2179,15299,White
35,Weiner,14428.0,1580,96.8,2238,14903,White
36,Pfeiffer,13433.0,1693,96.8,2394,13870,White
37,Weinstein,13374.0,1705,96.8,2407,13809,White
38,Moeller,12678.0,1809,96.8,2533,13094,White
39,Scherer,12480.0,1835,96.8,2580,12889,White
40,Schwartz,81963.0,213,96.8,330,84699,White
41,Schmitt,34203.0,598,96.8,898,35326,White
42,Novak,34167.0,599,96.8,899,35282,White
43,Koehler,18418.0,1201,96.7,1725,19037,White
44,Knutson,16015.0,1392,96.7,2009,16560,White
45,Schneider,97205.0,174,96.7,272,100553,White
46,Seitz,11970.0,1937,96.7,2683,12375,White
47,Schroeder,64247.0,279,96.7,450,66412,White
48,Haas,32899.0,624,96.7,941,34032,White
49,Sheehan,25235.0,849,96.7,1233,26107,White
50,Shapiro,23897.0,902,96.7,1306,24712,White
51,Greenberg,20189.0,1084,96.6,1574,20908,White
52,Metzger,19689.0,1115,96.6,1613,20386,White
53,Kraus,17497.0,1272,96.6,1820,18107,White
54,Flaherty,16918.0,1316,96.6,1881,17513,White
55,Zimmer,16719.0,1331,96.6,1907,17315,White
56,Pelletier,16676.0,1336,96.6,1911,17267,White
57,Schwab,15772.0,1420,96.6,2035,16332,White
58,Hoffmann,15421.0,1458,96.6,2082,15970,White
59,Sauer,14951.0,1524,96.6,2151,15474,White
60,Schaefer,39285.0,504,96.6,773,40663,White
61,Huber,35488.0,574,96.6,861,36729,White
62,Krause,33170.0,616,96.6,932,34345,White
63,Mcnamara,25028.0,859,96.6,1245,25896,White
64,Schafer,23004.0,941,96.6,1366,23804,White
65,Schulz,22864.0,948,96.6,1374,23676,White
66,Swenson,21977.0,988,96.6,1442,22762,White
67,Stahl,21385.0,1009,96.5,1471,22163,White
68,Ludwig,21222.0,1019,96.5,1485,21994,White
69,Yost,18297.0,1208,96.5,1733,18959,White
70,Cronin,18051.0,1223,96.5,1756,18710,White
71,Diehl,17889.0,1234,96.5,1772,18538,White
72,Caudill,17702.0,1255,96.5,1799,18336,White
73,Mcgovern,16155.0,1378,96.5,1979,16739,White
74,Ulrich,15997.0,1395,96.5,2006,16575,White
75,Schilling,15412.0,1461,96.5,2083,15968,White
76,Schwarz,15161.0,1491,96.5,2119,15713,White
77,Monahan,14526.0,1572,96.5,2213,15058,White
78,Baumann,13639.0,1665,96.5,2349,14131,White
79,Devries,12503.0,1832,96.5,2567,12958,White
80,Steinberg,12265.0,1874,96.5,2610,12715,White
81,Houck,12017.0,1920,96.5,2667,12458,White
82,Bollinger,11755.0,1970,96.5,2713,12180,White
83,Klein,76920.0,229,96.5,359,79685,White
84,Kramer,60798.0,303,96.5,474,63023,White
85,Weiss,54160.0,346,96.5,531,56153,White
86,Odonnell,41287.0,474,96.5,728,42802,White
87,Friedman,35559.0,572,96.5,857,36833,White
88,Goldberg,28916.0,731,96.5,1069,29968,White
89,Schmidt,140441.0,88,96.5,171,145565,White
90,Funk,23200.0,931,96.5,1351,24032,White
91,Kruse,19302.0,1139,96.4,1637,20019,White
92,Jacobsen,18155.0,1216,96.4,1743,18831,White
93,Mchugh,17552.0,1267,96.4,1813,18206,White
94,Eckert,16548.0,1345,96.4,1925,17161,White
95,Gerber,15753.0,1423,96.4,2033,16348,White
96,Dietrich,15186.0,1487,96.4,2112,15761,White
97,Goetz,13005.0,1762,96.4,2456,13495,White
98,Bouchard,12411.0,1848,96.4,2586,12870,White
99,Noonan,12191.0,1889,96.4,2625,12641,White
100,Fluellen,1756,1998,93.7,14567,1875,Black
101,Smalls,10182,437,93.4,3049,10897,Black
102,Gadson,4378,956,92.8,6617,4720,Black
103,Wigfall,1933,1855,92.4,13364,2091,Black
104,Mensah,1988,1812,92.3,13048,2153,Black
105,Boykins,3309,1201,92.2,8457,3588,Black
106,Shabazz,2806,1387,91.8,9761,3056,Black
107,Pettaway,2291,1631,91.6,11536,2500,Black
108,Narcisse,2049,1768,91.1,12624,2250,Black
109,Broadnax,3941,1050,90.9,7106,4335,Black
110,Glasper,2064,1760,90.8,12499,2274,Black
111,Diallo,2409,1554,90.5,10975,2661,Black
112,Deloatch,1798,1959,90.5,13931,1986,Black
113,Batiste,5407,785,90.3,5355,5990,Black
114,Gadsden,2174,1691,90.0,11869,2415,Black
115,Washington,146520,18,89.9,138,163036,Black
116,Merriweather,3998,1029,89.6,6931,4463,Black
117,Cooks,4954,844,89.6,5740,5526,Black
118,Ivery,1851,1918,89.4,13480,2070,Black
119,Wimbush,1766,1989,89.4,14012,1975,Black
120,Hankerson,1888,1887,88.5,13137,2134,Black
121,Choice,1816,1945,88.4,13554,2055,Black
122,Kamara,2307,1618,87.8,11095,2627,Black
123,Pettway,3911,1058,87.3,6905,4480,Black
124,Celestine,2740,1415,87.3,9506,3137,Black
125,Session,2318,1614,87.3,10996,2654,Black
126,Alleyne,2988,1319,87.1,8797,3430,Black
127,Liggins,3018,1302,87.0,8723,3468,Black
128,Jeanbaptiste,4028,1020,86.7,6708,4646,Black
129,Brathwaite,2433,1543,86.5,10473,2812,Black
130,Rayford,3614,1130,86.3,7332,4186,Black
131,Muhammad,12028,367,86.1,2379,13972,Black
132,Buggs,2611,1470,85.9,9822,3038,Black
133,Jeanlouis,2681,1441,85.8,9546,3124,Black
134,Hughley,2200,1678,85.8,11302,2565,Black
135,Grays,1911,1870,85.6,12705,2232,Black
136,Mickens,4265,974,85.6,6298,4980,Black
137,Pierrelouis,2953,1328,85.4,8757,3456,Black
138,Pettiford,2543,1495,85.2,9973,2985,Black
139,Muldrow,2252,1651,84.9,11003,2651,Black
140,Stallworth,6268,693,84.9,4439,7381,Black
141,Moten,3467,1166,84.8,7512,4088,Black
142,Jeanpierre,2189,1684,84.7,11242,2584,Black
143,Moton,2946,1333,84.6,8688,3482,Black
144,Pinkney,5006,836,84.3,5396,5938,Black
145,Mckoy,5745,741,84.2,4746,6825,Black
146,Brockington,2684,1439,84.1,9365,3191,Black
147,Ragin,1910,1872,84.1,12520,2270,Black
148,Polite,2945,1336,83.9,8624,3511,Black
149,Ceasar,1992,1809,83.8,12047,2377,Black
150,Braggs,1978,1819,83.4,12070,2372,Black
151,Latimore,1968,1825,83.3,12104,2363,Black
152,Hairston,12365,359,83.0,2242,14891,Black
153,Moultrie,3227,1228,82.9,7889,3893,Black
154,Heyward,3659,1120,82.8,6994,4419,Black
155,Cadet,2460,1528,82.6,9988,2979,Black
156,Auguste,1905,1876,82.5,12343,2309,Black
157,Desir,2290,1632,82.1,10557,2788,Black
158,Debose,2026,1787,81.5,11583,2487,Black
159,Weatherspoon,3997,1030,81.4,6378,4913,Black
160,Alston,22867,186,81.4,1140,28089,Black
161,Artis,7178,615,81.2,3688,8835,Black
162,Ruffin,12371,358,81.1,2188,15263,Black
163,Chatman,11304,393,81.1,2384,13935,Black
164,Gatling,2172,1694,80.4,10837,2700,Black
165,Rembert,2796,1393,80.2,8679,3487,Black
166,Capers,4105,1006,80.1,6160,5122,Black
167,Drayton,5559,762,80.1,4669,6944,Black
168,Pegues,2730,1418,80.0,8839,3411,Black
169,Chery,1992,1809,79.6,11523,2504,Black
170,Bibbs,3072,1281,79.5,7948,3862,Black
171,Ladson,1905,1876,79.0,11884,2412,Black
172,Battle,18882,225,78.9,1359,23934,Black
173,Armstead,5631,756,78.6,4548,7162,Black
174,Gholston,1796,1960,78.4,12418,2292,Black
175,Geter,2506,1509,78.3,9346,3200,Black
176,Bowens,6475,676,78.3,3945,8270,Black
177,Beckford,2609,1472,77.4,8925,3371,Black
178,Eugene,2445,1536,77.4,9436,3160,Black
179,Favors,3002,1310,77.2,7896,3889,Black
180,Fluker,1931,1860,77.0,11507,2509,Black
181,Celestin,1763,1990,77.0,12426,2291,Black
182,Mcgruder,2470,1524,76.9,9314,3213,Black
183,Pierre,18129,235,76.9,1379,23575,Black
184,Speller,1826,1936,76.8,12047,2377,Black
185,Tyus,2251,1652,76.6,10103,2939,Black
186,Littles,2152,1705,76.6,10483,2810,Black
187,Bethea,8221,544,76.0,3073,10811,Black
188,Archie,4933,850,76.0,4969,6487,Black
189,Faison,5858,731,75.8,4242,7728,Black
190,Hollins,6853,641,75.6,3603,9060,Black
191,Leflore,1891,1886,75.4,11507,2509,Black
192,Jefferson,38644,106,75.2,594,51361,Black
193,Rolle,2968,1326,75.1,7752,3952,Black
194,Ivory,4970,841,74.8,4846,6645,Black
195,Mccants,4193,993,74.8,5682,5602,Black
196,Wyche,3221,1231,74.7,7149,4311,Black
197,Mccree,1954,1833,74.5,11109,2622,Black
198,Braxton,8386,535,74.5,2938,11249,Black
199,Mcclinton,3981,1035,74.2,5902,5368,Black
200,Lucatero,1247.0,1944,98.4,19687,1267,Hispanic
201,Escutia,1200.0,1998,98.0,20234,1224,Hispanic
202,Bahena,6106.0,639,97.9,5158,6240,Hispanic
203,Uriostegui,1773.0,1547,97.7,14943,1815,Hispanic
204,Ruvalcaba,7485.0,526,97.5,4274,7673,Hispanic
205,Vences,1919.0,1477,97.4,14038,1970,Hispanic
206,Plascencia,5696.0,678,97.4,5469,5846,Hispanic
207,Jimenes,2295.0,1320,97.2,12112,2361,Hispanic
208,Tinajero,3101.0,1080,97.1,9357,3195,Hispanic
209,Chairez,4265.0,840,97.1,7036,4391,Hispanic
210,Guadarrama,3400.0,992,97.0,8633,3506,Hispanic
211,Buenrostro,4861.0,771,96.9,6259,5018,Hispanic
212,Rebollar,2007.0,1435,96.8,13463,2074,Hispanic
213,Osornio,1277.0,1917,96.8,19079,1319,Hispanic
214,Mandujano,3857.0,913,96.8,7702,3983,Hispanic
215,Raygoza,3080.0,1084,96.7,9379,3186,Hispanic
216,Valdovinos,6167.0,632,96.7,5047,6375,Hispanic
217,Desantiago,4683.0,789,96.7,6463,4845,Hispanic
218,Aburto,1572.0,1674,96.6,16293,1628,Hispanic
219,Ceja,11790.0,368,96.6,2707,12199,Hispanic
220,Resendiz,7348.0,534,96.6,4323,7605,Hispanic
221,Castrejon,3786.0,923,96.6,7826,3921,Hispanic
222,Melgoza,3749.0,932,96.6,7916,3879,Hispanic
223,Amezquita,2852.0,1142,96.5,10059,2956,Hispanic
224,Bucio,1958.0,1458,96.5,13707,2029,Hispanic
225,Ambriz,7039.0,565,96.5,4478,7291,Hispanic
226,Chavarin,1643.0,1627,96.4,15725,1705,Hispanic
227,Monsivais,1627.0,1636,96.4,15835,1688,Hispanic
228,Lupercio,1622.0,1642,96.4,15870,1683,Hispanic
229,Ramires,5619.0,687,96.4,5490,5827,Hispanic
230,Cendejas,2228.0,1346,96.3,12324,2314,Hispanic
231,Castelan,1998.0,1438,96.3,13459,2075,Hispanic
232,Huezo,1527.0,1704,96.3,16635,1586,Hispanic
233,Montesinos,1236.0,1957,96.3,19480,1283,Hispanic
234,Zendejas,3578.0,959,96.3,8214,3714,Hispanic
235,Arzate,3074.0,1085,96.2,9361,3194,Hispanic
236,Pasillas,3032.0,1091,96.2,9467,3151,Hispanic
237,Monarrez,2230.0,1345,96.2,12305,2317,Hispanic
238,Umanzor,1799.0,1534,96.2,14590,1871,Hispanic
239,Higareda,1432.0,1777,96.2,17457,1489,Hispanic
240,Castruita,1269.0,1923,96.2,19079,1319,Hispanic
241,Jaimes,10257.0,408,96.2,3113,10661,Hispanic
242,Amezcua,4911.0,762,96.2,6180,5104,Hispanic
243,Oceguera,3922.0,895,96.2,7525,4078,Hispanic
244,Lozoya,3294.0,1018,96.1,8798,3429,Hispanic
245,Avitia,2922.0,1120,96.1,9817,3041,Hispanic
246,Alejandre,2845.0,1145,96.1,10043,2960,Hispanic
247,Brambila,2166.0,1362,96.1,12602,2254,Hispanic
248,Cazarez,1497.0,1726,96.1,16871,1557,Hispanic
249,Chaidez,3499.0,978,96.1,8357,3640,Hispanic
250,Villeda,2819.0,1158,96.0,10107,2936,Hispanic
251,Barajas,30851.0,155,96.0,989,32147,Hispanic
252,Guaman,1310.0,1879,96.0,18626,1364,Hispanic
253,Cazares,11071.0,385,96.0,2861,11531,Hispanic
254,Iniguez,6355.0,618,96.0,4870,6621,Hispanic
255,Trevizo,2750.0,1173,95.9,10292,2869,Hispanic
256,Villagrana,2103.0,1396,95.9,12865,2193,Hispanic
257,Delangel,1471.0,1744,95.9,17067,1534,Hispanic
258,Aispuro,1255.0,1932,95.9,19187,1309,Hispanic
259,Quezada,17365.0,259,95.9,1820,18107,Hispanic
260,Banuelos,13672.0,319,95.9,2326,14260,Hispanic
261,Ledezma,6246.0,626,95.9,4954,6512,Hispanic
262,Menjivar,4620.0,795,95.9,6496,4819,Hispanic
263,Galeana,1520.0,1708,95.8,16631,1587,Hispanic
264,Jovel,1421.0,1785,95.8,17510,1483,Hispanic
265,Vidrio,1256.0,1929,95.8,19164,1311,Hispanic
266,Espinal,10092.0,412,95.8,3138,10534,Hispanic
267,Lagunas,4456.0,814,95.8,6700,4651,Hispanic
268,Topete,3192.0,1047,95.7,9008,3336,Hispanic
269,Reynaga,2546.0,1231,95.6,10964,2663,Hispanic
270,Santibanez,2417.0,1268,95.5,11416,2532,Hispanic
271,Deharo,1282.0,1912,95.5,18847,1342,Hispanic
272,Argueta,9304.0,442,95.5,3357,9738,Hispanic
273,Landeros,7152.0,554,95.5,4383,7492,Hispanic
274,Grullon,2869.0,1137,95.4,9895,3008,Hispanic
275,Licea,2328.0,1299,95.4,11758,2441,Hispanic
276,Avalos,24672.0,189,95.4,1246,25875,Hispanic
277,Covarrubias,11961.0,360,95.4,2648,12543,Hispanic
278,Anguiano,11456.0,378,95.4,2758,12006,Hispanic
279,Delgadillo,10599.0,397,95.4,2984,11107,Hispanic
280,Gonsalez,3990.0,881,95.4,7334,4184,Hispanic
281,Delreal,3210.0,1039,95.3,8932,3367,Hispanic
282,Liriano,2092.0,1399,95.3,12851,2195,Hispanic
283,Dorantes,1871.0,1500,95.3,14069,1964,Hispanic
284,Iraheta,1832.0,1516,95.3,14292,1922,Hispanic
285,Guardado,7400.0,532,95.3,4221,7769,Hispanic
286,Esqueda,4155.0,855,95.3,7077,4360,Hispanic
287,Sorto,3583.0,955,95.3,8123,3760,Hispanic
288,Landaverde,3192.0,1047,95.2,8968,3353,Hispanic
289,Zazueta,2518.0,1235,95.2,11023,2646,Hispanic
290,Becerril,2246.0,1341,95.2,12122,2360,Hispanic
291,Moctezuma,1974.0,1448,95.2,13466,2073,Hispanic
292,Saucedo,21273.0,215,95.2,1464,22357,Hispanic
293,Barragan,15252.0,289,95.2,2078,16021,Hispanic
294,Gaytan,9679.0,425,95.2,3224,10164,Hispanic
295,Tejeda,9583.0,431,95.2,3256,10071,Hispanic
296,Tavarez,6366.0,617,95.2,4817,6690,Hispanic
297,Taveras,6244.0,627,95.2,4922,6559,Hispanic
298,Villatoro,5445.0,703,95.2,5572,5720,Hispanic
299,Gudino,3982.0,883,95.2,7340,4181,Hispanic
300,Cayaditto,239.0,1067,99.2,74675,241,American Indian & Alaskan Native
301,Wassillie,211.0,1229,98.6,82019,214,American Indian & Alaskan Native
302,Tsinnie,202.0,1292,98.5,84968,205,American Indian & Alaskan Native
303,Tabaha,197.0,1316,98.5,86657,200,American Indian & Alaskan Native
304,Tapaha,247.0,1040,98.4,72237,251,American Indian & Alaskan Native
305,Wauneka,505.0,498,98.4,40203,513,American Indian & Alaskan Native
306,Goldtooth,378.0,654,98.4,51024,384,American Indian & Alaskan Native
307,Secatero,167.0,1565,98.2,98770,170,American Indian & Alaskan Native
308,Yellowman,275.0,935,98.2,66073,280,American Indian & Alaskan Native
309,Tsinnijinnie,362.0,690,98.1,52714,369,American Indian & Alaskan Native
310,Dosela,147.0,1792,98.0,109328,150,American Indian & Alaskan Native
311,Keyonnie,146.0,1808,98.0,109915,149,American Indian & Alaskan Native
312,Kameroff,143.0,1850,97.9,111740,146,American Indian & Alaskan Native
313,Bitsui,223.0,1146,97.8,78035,228,American Indian & Alaskan Native
314,Clitso,179.0,1461,97.8,93006,183,American Indian & Alaskan Native
315,Smallcanyon,214.0,1211,97.7,80502,219,American Indian & Alaskan Native
316,Attakai,260.0,990,97.7,68973,266,American Indian & Alaskan Native
317,Secody,158.0,1653,97.5,102691,162,American Indian & Alaskan Native
318,Bitsuie,158.0,1653,97.5,102691,162,American Indian & Alaskan Native
319,Poorbear,154.0,1694,97.5,104819,158,American Indian & Alaskan Native
320,Bedonie,503.0,501,97.5,40019,516,American Indian & Alaskan Native
321,Bitsilly,216.0,1195,97.3,79676,222,American Indian & Alaskan Native
322,Apachito,430.0,583,97.3,45573,442,American Indian & Alaskan Native
323,Begaye,1249.0,157,97.0,19436,1287,American Indian & Alaskan Native
324,Etsitty,861.0,270,97.0,25969,888,American Indian & Alaskan Native
325,Atcitty,290.0,875,97.0,62577,299,American Indian & Alaskan Native
326,Gishie,154.0,1694,96.9,104257,159,American Indian & Alaskan Native
327,Kanuho,169.0,1548,96.6,96480,175,American Indian & Alaskan Native
328,Walkingeagle,187.0,1391,96.4,88825,194,American Indian & Alaskan Native
329,Bigcrow,163.0,1600,96.4,99214,169,American Indian & Alaskan Native
330,Yepa,135.0,1958,96.4,115489,140,American Indian & Alaskan Native
331,Becenti,811.0,288,96.4,27085,841,American Indian & Alaskan Native
332,Delgarito,236.0,1082,96.3,73659,245,American Indian & Alaskan Native
333,Yellowhair,701.0,338,96.3,30324,728,American Indian & Alaskan Native
334,Hosteen,290.0,875,96.3,62236,301,American Indian & Alaskan Native
335,Tsosie,4666.0,28,96.2,6456,4849,American Indian & Alaskan Native
336,Yazzie,13372.0,4,96.1,2386,13915,American Indian & Alaskan Native
337,Twobulls,239.0,1067,96.0,72717,249,American Indian & Alaskan Native
338,Littledog,192.0,1361,96.0,86657,200,American Indian & Alaskan Native
339,Benallie,192.0,1361,96.0,86657,200,American Indian & Alaskan Native
340,Blackgoat,170.0,1538,96.0,95567,177,American Indian & Alaskan Native
341,Whitebull,144.0,1836,96.0,109328,150,American Indian & Alaskan Native
342,Benally,4840.0,26,96.0,6240,5042,American Indian & Alaskan Native
343,Goseyun,211.0,1229,95.9,80216,220,American Indian & Alaskan Native
344,Manuelito,419.0,596,95.9,46000,437,American Indian & Alaskan Native
345,Etcitty,355.0,702,95.9,52608,370,American Indian & Alaskan Native
346,Haskie,206.0,1265,95.8,81700,215,American Indian & Alaskan Native
347,Lonebear,136.0,1943,95.8,114166,142,American Indian & Alaskan Native
348,Todacheenie,200.0,1300,95.7,83618,209,American Indian & Alaskan Native
349,Manygoats,621.0,391,95.5,33169,650,American Indian & Alaskan Native
350,Werito,250.0,1030,95.4,69854,262,American Indian & Alaskan Native
351,Notah,291.0,873,95.4,61544,305,American Indian & Alaskan Native
352,Beyale,223.0,1146,95.3,76465,234,American Indian & Alaskan Native
353,Tessay,160.0,1632,95.2,99725,168,American Indian & Alaskan Native
354,Henio,234.0,1095,95.1,73412,246,American Indian & Alaskan Native
355,Clah,328.0,766,95.1,55609,345,American Indian & Alaskan Native
356,Chasinghawk,153.0,1707,95.0,103193,161,American Indian & Alaskan Native
357,Begay,15269.0,3,95.0,2066,16076,American Indian & Alaskan Native
358,Declay,206.0,1265,94.9,81100,217,American Indian & Alaskan Native
359,Antelope,182.0,1435,94.8,89549,192,American Indian & Alaskan Native
360,Whitehat,144.0,1836,94.7,108153,152,American Indian & Alaskan Native
361,Chinana,144.0,1836,94.7,108153,152,American Indian & Alaskan Native
362,Blueeyes,155.0,1678,94.5,101654,164,American Indian & Alaskan Native
363,Cosay,153.0,1707,94.4,102691,162,American Indian & Alaskan Native
364,Eriacho,165.0,1588,94.3,96480,175,American Indian & Alaskan Native
365,Spottedelk,138.0,1921,93.9,111119,147,American Indian & Alaskan Native
366,Calabaza,391.0,628,93.8,47735,417,American Indian & Alaskan Native
367,Bitsie,145.0,1825,93.5,106477,155,American Indian & Alaskan Native
368,Peshlakai,464.0,537,93.5,41382,496,American Indian & Alaskan Native
369,Laughing,153.0,1707,93.3,101654,164,American Indian & Alaskan Native
370,Nez,4126.0,35,93.3,6989,4421,American Indian & Alaskan Native
371,Claw,461.0,539,93.3,41522,494,American Indian & Alaskan Native
372,Blackwater,377.0,656,93.3,48963,404,American Indian & Alaskan Native
373,Cheromiah,176.0,1484,93.1,90652,189,American Indian & Alaskan Native
374,Bluebird,162.0,1611,93.1,96918,174,American Indian & Alaskan Native
375,Standingbear,173.0,1509,93.0,91801,186,American Indian & Alaskan Native
376,Keams,234.0,1095,92.9,72022,252,American Indian & Alaskan Native
377,Tsethlikai,143.0,1850,92.9,107038,154,American Indian & Alaskan Native
378,Chischilly,282.0,908,92.8,61713,304,American Indian & Alaskan Native
379,Shije,145.0,1825,92.4,105374,157,American Indian & Alaskan Native
380,Cowboy,188.0,1385,92.2,85297,204,American Indian & Alaskan Native
381,Spoonhunter,151.0,1740,92.1,101654,164,American Indian & Alaskan Native
382,Blackhorse,179.0,1461,91.8,88461,195,American Indian & Alaskan Native
383,Ethelbah,188.0,1385,91.7,84968,205,American Indian & Alaskan Native
384,Spottedbear,154.0,1694,91.7,99725,168,American Indian & Alaskan Native
385,Roanhorse,421.0,594,91.7,44192,459,American Indian & Alaskan Native
386,Greyeyes,202.0,1292,91.4,79958,221,American Indian & Alaskan Native
387,Youngbear,200.0,1300,91.3,80502,219,American Indian & Alaskan Native
388,Kingbird,415.0,601,91.2,44497,455,American Indian & Alaskan Native
389,Blackbear,279.0,920,91.2,61376,306,American Indian & Alaskan Native
390,Youngbird,141.0,1876,91.0,106477,155,American Indian & Alaskan Native
391,Twocrow,155.0,1678,90.6,98298,171,American Indian & Alaskan Native
392,Merculief,134.0,1969,90.5,110523,148,American Indian & Alaskan Native
393,Ironcloud,142.0,1865,90.4,105374,157,American Indian & Alaskan Native
394,Altaha,196.0,1324,90.3,81100,217,American Indian & Alaskan Native
395,Fasthorse,331.0,760,90.2,52935,367,American Indian & Alaskan Native
396,Littlelight,154.0,1694,90.1,98298,171,American Indian & Alaskan Native
397,Americanhorse,195.0,1337,89.9,81100,217,American Indian & Alaskan Native
398,Littlethunder,159.0,1640,89.8,95567,177,American Indian & Alaskan Native
399,Lefthand,239.0,1067,89.2,68569,268,American Indian & Alaskan Native
400,Xiao,2728.0,369,98.6,10626,2768,Asian & Pacific Islander
401,Xu,12041.0,85,98.5,2701,12228,Asian & Pacific Islander
402,Zhao,10157.0,102,98.4,3187,10324,Asian & Pacific Islander
403,Xiang,632.0,1420,98.4,33528,642,Asian & Pacific Islander
404,Qiu,1904.0,518,98.4,14236,1934,Asian & Pacific Islander
405,Zheng,10495.0,98,98.4,3111,10670,Asian & Pacific Islander
406,Voong,933.0,986,98.4,24680,948,Asian & Pacific Islander
407,Zhuang,678.0,1328,98.3,31658,690,Asian & Pacific Islander
408,Zhong,2551.0,388,98.3,11200,2595,Asian & Pacific Islander
409,Kuang,2036.0,488,98.3,13473,2071,Asian & Pacific Islander
410,Zhang,32591.0,29,98.2,963,33202,Asian & Pacific Islander
411,Xia,1810.0,539,98.0,14745,1847,Asian & Pacific Islander
412,Qin,1188.0,783,98.0,20382,1212,Asian & Pacific Islander
413,Qi,1045.0,881,98.0,22521,1066,Asian & Pacific Islander
414,Zhou,11350.0,90,98.0,2839,11586,Asian & Pacific Islander
415,Zhu,10286.0,100,97.9,3147,10508,Asian & Pacific Islander
416,Qian,1591.0,620,97.8,16314,1626,Asian & Pacific Islander
417,Jiang,8388.0,122,97.7,3791,8582,Asian & Pacific Islander
418,Xin,467.0,1907,97.7,42677,478,Asian & Pacific Islander
419,Zhen,1673.0,585,97.7,15661,1713,Asian & Pacific Islander
420,Ouyang,1037.0,890,97.7,22612,1061,Asian & Pacific Islander
421,Guo,5912.0,173,97.6,5287,6058,Asian & Pacific Islander
422,Xie,4698.0,239,97.6,6505,4812,Asian & Pacific Islander
423,Xue,1412.0,684,97.6,17835,1447,Asian & Pacific Islander
424,Huo,482.0,1855,97.4,41448,495,Asian & Pacific Islander
425,Ninh,462.0,1926,97.1,42830,476,Asian & Pacific Islander
426,Luo,4843.0,231,97.1,6291,4990,Asian & Pacific Islander
427,Khuu,1400.0,689,97.0,17871,1444,Asian & Pacific Islander
428,Chuong,845.0,1078,96.9,26332,872,Asian & Pacific Islander
429,Zhan,597.0,1515,96.9,34711,616,Asian & Pacific Islander
430,Zou,1785.0,551,96.9,14783,1842,Asian & Pacific Islander
431,Jia,959.0,960,96.9,23831,990,Asian & Pacific Islander
432,Kieu,751.0,1198,96.8,28856,776,Asian & Pacific Islander
433,Huang,43298.0,20,96.8,697,44715,Asian & Pacific Islander
434,Phuong,1048.0,877,96.7,22212,1084,Asian & Pacific Islander
435,Nghiem,926.0,995,96.7,24471,958,Asian & Pacific Islander
436,Myung,543.0,1670,96.6,37319,562,Asian & Pacific Islander
437,Zeng,3584.0,304,96.6,8219,3711,Asian & Pacific Islander
438,Tieu,1726.0,568,96.6,15146,1786,Asian & Pacific Islander
439,Hwang,13151.0,76,96.6,2435,13610,Asian & Pacific Islander
440,Quach,7359.0,137,96.5,4305,7624,Asian & Pacific Islander
441,Choi,35102.0,24,96.5,872,36390,Asian & Pacific Islander
442,Truong,26829.0,31,96.5,1157,27808,Asian & Pacific Islander
443,Auyeung,1120.0,818,96.5,21088,1161,Asian & Pacific Islander
444,Kwon,9064.0,115,96.4,3472,9405,Asian & Pacific Islander
445,Li,55729.0,14,96.4,519,57786,Asian & Pacific Islander
446,Radhakrishnan,488.0,1839,96.4,40690,506,Asian & Pacific Islander
447,Phung,5191.0,210,96.4,5882,5387,Asian & Pacific Islander
448,Jin,4999.0,222,96.4,6100,5186,Asian & Pacific Islander
449,Byun,1700.0,578,96.4,15293,1764,Asian & Pacific Islander
450,Liang,13581.0,74,96.4,2353,14095,Asian & Pacific Islander
451,Vuong,6883.0,143,96.3,4556,7148,Asian & Pacific Islander
452,Gao,5204.0,207,96.3,5866,5405,Asian & Pacific Islander
453,Ji,2022.0,495,96.3,13311,2100,Asian & Pacific Islander
454,Chiem,607.0,1487,96.2,34038,631,Asian & Pacific Islander
455,Huynh,38479.0,22,96.2,790,40011,Asian & Pacific Islander
456,Kwong,4844.0,230,96.2,6246,5037,Asian & Pacific Islander
457,Ye,4602.0,245,96.2,6535,4786,Asian & Pacific Islander
458,Yu,34913.0,25,96.2,874,36285,Asian & Pacific Islander
459,Vu,24854.0,36,96.2,1247,25828,Asian & Pacific Islander
460,Krishnamurthy,719.0,1264,96.1,29696,748,Asian & Pacific Islander
461,Nguyenthi,707.0,1280,96.1,30061,736,Asian & Pacific Islander
462,Rajagopalan,492.0,1822,96.1,40265,512,Asian & Pacific Islander
463,Giang,2196.0,455,96.1,12458,2285,Asian & Pacific Islander
464,Miao,1012.0,911,96.1,22753,1053,Asian & Pacific Islander
465,Yeung,6203.0,165,96.0,4984,6464,Asian & Pacific Islander
466,Feng,5566.0,188,96.0,5512,5797,Asian & Pacific Islander
467,Cai,4113.0,266,96.0,7178,4286,Asian & Pacific Islander
468,Jeong,2713.0,372,96.0,10444,2826,Asian & Pacific Islander
469,Duong,17664.0,57,96.0,1790,18404,Asian & Pacific Islander
470,Ngai,1330.0,716,96.0,18412,1385,Asian & Pacific Islander
471,Luong,10771.0,95,96.0,2951,11214,Asian & Pacific Islander
472,Nguyen,297503.0,1,95.9,57,310125,Asian & Pacific Islander
473,Pham,57467.0,13,95.9,498,59949,Asian & Pacific Islander
474,Wu,43955.0,19,95.9,683,45815,Asian & Pacific Islander
475,Liao,5537.0,191,95.9,5534,5771,Asian & Pacific Islander
476,Shi,4688.0,240,95.9,6415,4886,Asian & Pacific Islander
477,Baek,1808.0,541,95.9,14498,1885,Asian & Pacific Islander
478,Cheung,15413.0,61,95.9,2069,16067,Asian & Pacific Islander
479,Yuan,5170.0,212,95.8,5877,5394,Asian & Pacific Islander
480,Ngo,22982.0,41,95.8,1355,23980,Asian & Pacific Islander
481,Hsiao,2116.0,473,95.8,12799,2208,Asian & Pacific Islander
482,Hoang,20374.0,48,95.8,1546,21269,Asian & Pacific Islander
483,Phu,1706.0,576,95.8,15187,1781,Asian & Pacific Islander
484,Luu,11459.0,89,95.8,2768,11965,Asian & Pacific Islander
485,Heo,513.0,1764,95.7,38771,536,Asian & Pacific Islander
486,Lu,21996.0,43,95.7,1424,22977,Asian & Pacific Islander
487,Oh,12789.0,79,95.7,2477,13366,Asian & Pacific Islander
488,Liou,1093.0,838,95.7,21369,1142,Asian & Pacific Islander
489,Ramakrishnan,652.0,1382,95.6,31958,682,Asian & Pacific Islander
490,Ramanathan,580.0,1571,95.6,35153,607,Asian & Pacific Islander
491,Diep,4617.0,243,95.6,6489,4827,Asian & Pacific Islander
492,Cho,24184.0,38,95.6,1277,25305,Asian & Pacific Islander
493,Chuang,2369.0,417,95.6,11621,2478,Asian & Pacific Islander
494,Tran,130120.0,5,95.6,188,136095,Asian & Pacific Islander
495,Shieh,1011.0,913,95.6,22670,1058,Asian & Pacific Islander
496,Trinh,11004.0,93,95.6,2868,11507,Asian & Pacific Islander
497,Yiu,869.0,1052,95.5,25503,910,Asian & Pacific Islander
498,Hsueh,763.0,1182,95.5,28194,799,Asian & Pacific Islander
499,He,6737.0,146,95.5,4600,7057,Asian & Pacific Islander
500,Depina,1155.0,387,60.8,14422,1899,Multi-Race
501,Mohabir,337.0,1520,48.5,31492,695,Multi-Race
502,Rampersaud,341.0,1507,44.5,29142,766,Multi-Race
503,Narine,319.0,1625,41.6,29142,766,Multi-Race
504,Ramcharan,261.0,1983,40.7,33528,642,Multi-Race
505,Persaud,3481.0,93,40.2,3766,8649,Multi-Race
506,Samaroo,342.0,1505,37.6,25503,910,Multi-Race
507,Mahabir,375.0,1355,36.7,23273,1022,Multi-Race
508,Ramnarine,371.0,1374,36.6,23372,1015,Multi-Race
509,Ramkissoon,289.0,1796,34.3,27049,842,Multi-Race
510,Baksh,445.0,1125,33.9,19136,1314,Multi-Race
511,Mohamad,310.0,1676,33.8,25329,918,Multi-Race
512,Rampersad,360.0,1415,32.3,21791,1113,Multi-Race
513,Debarros,301.0,1728,32.3,25006,932,Multi-Race
514,Maharaj,655.0,737,32.0,13613,2045,Multi-Race
515,Abdulla,348.0,1475,30.4,21323,1145,Multi-Race
516,Fortes,437.0,1147,29.4,17483,1486,Multi-Race
517,Monteiro,1515.0,287,28.6,5990,5293,Multi-Race
518,Safi,274.0,1883,28.4,24350,964,Multi-Race
519,Persad,298.0,1751,28.0,22538,1065,Multi-Race
520,Mohamed,3421.0,95,27.4,2655,12499,Multi-Race
521,Suleiman,321.0,1611,27.3,20871,1176,Multi-Race
522,Ally,346.0,1485,26.6,19285,1300,Multi-Race
523,Lall,334.0,1535,26.4,19695,1266,Multi-Race
524,Hussein,822.0,579,26.0,9442,3159,Multi-Race
525,Alli,399.0,1266,25.9,17001,1540,Multi-Race
526,Ramadan,319.0,1625,25.0,19575,1275,Multi-Race
527,Darosa,375.0,1355,23.8,16729,1574,Multi-Race
528,Mahmoud,492.0,1008,23.7,13463,2074,Multi-Race
529,Mohammed,2268.0,168,23.7,3419,9585,Multi-Race
530,Rahimi,270.0,1912,23.7,21406,1139,Multi-Race
531,Hamed,328.0,1573,23.5,18345,1393,Multi-Race
532,Jama,288.0,1801,23.5,20191,1227,Multi-Race
533,Hamdan,375.0,1355,23.4,16489,1605,Multi-Race
534,Abdi,488.0,1019,23.3,13364,2091,Multi-Race
535,Jaber,536.0,911,23.3,12373,2303,Multi-Race
536,Abdul,348.0,1475,22.8,17153,1525,Multi-Race
537,Saleh,1325.0,330,22.8,5500,5813,Multi-Race
538,Ahmadi,351.0,1459,22.7,16944,1548,Multi-Race
539,Hamad,261.0,1983,22.6,21209,1153,Multi-Race
540,Mustafa,875.0,541,22.0,7724,3970,Multi-Race
541,Bacchus,558.0,874,21.8,11317,2562,Multi-Race
542,Omar,902.0,517,21.6,7358,4173,Multi-Race
543,Bazzi,326.0,1583,21.5,17234,1514,Multi-Race
544,Taha,262.0,1974,21.4,20247,1223,Multi-Race
545,Yousef,286.0,1810,21.3,18827,1344,Multi-Race
546,Barros,1190.0,374,21.3,5686,5598,Multi-Race
547,Pires,1005.0,452,21.2,6605,4733,Multi-Race
548,Hamid,484.0,1026,21.1,12405,2295,Multi-Race
549,Veiga,261.0,1983,20.8,19865,1252,Multi-Race
550,Saeed,438.0,1142,20.3,13019,2159,Multi-Race
551,Mohammad,735.0,667,20.3,8377,3628,Multi-Race
552,Rahim,374.0,1361,20.2,14689,1856,Multi-Race
553,Dossantos,738.0,663,20.2,8323,3659,Multi-Race
554,Perreira,383.0,1328,19.8,14212,1937,Multi-Race
555,Nascimento,369.0,1379,19.8,14628,1865,Multi-Race
556,Ismail,741.0,660,19.6,8090,3775,Multi-Race
557,Aziz,923.0,503,19.5,6604,4735,Multi-Race
558,Hassan,2289.0,165,19.1,2762,11993,Multi-Race
559,Yusuf,334.0,1535,19.0,15327,1760,Multi-Race
560,Goncalves,1135.0,395,19.0,5379,5959,Multi-Race
561,Ibrahim,1625.0,266,18.9,3785,8590,Multi-Race
562,Khalil,861.0,556,18.8,6787,4578,Multi-Race
563,Said,630.0,764,18.2,8723,3468,Multi-Race
564,Awad,684.0,716,18.1,8066,3789,Multi-Race
565,Baptista,546.0,894,17.9,9782,3050,Multi-Race
566,Chand,395.0,1277,17.7,12692,2235,Multi-Race
567,Ali,6310.0,38,17.5,876,36079,Multi-Race
568,Abdallah,501.0,984,17.3,10221,2894,Multi-Race
569,Barakat,289.0,1796,17.2,15861,1684,Multi-Race
570,Eid,279.0,1850,17.0,16168,1644,Multi-Race
571,Issa,431.0,1169,16.7,11265,2576,Multi-Race
572,Ram,460.0,1080,16.6,10629,2766,Multi-Race
573,Hussain,1840.0,231,16.6,2996,11070,Multi-Race
574,Prasad,1024.0,440,16.5,5172,6212,Multi-Race
575,Teixeira,1180.0,379,16.2,4467,7303,Multi-Race
576,Deoliveira,357.0,1427,16.1,12753,2221,Multi-Race
577,Abdalla,299.0,1745,16.1,14713,1852,Multi-Race
578,Ahmad,1838.0,233,16.1,2889,11395,Multi-Race
579,Gomes,3291.0,101,16.0,1606,20532,Multi-Race
580,Lal,455.0,1093,15.9,10294,2868,Multi-Race
581,Sharif,394.0,1286,15.9,11595,2484,Multi-Race
582,Ahmed,4183.0,68,15.7,1206,26607,Multi-Race
583,Khan,7301.0,33,15.6,665,46713,Multi-Race
584,Singh,11114.0,18,15.3,396,72642,Multi-Race
585,Desouza,669.0,730,15.2,7003,4413,Multi-Race
586,Youssef,344.0,1493,15.1,12502,2273,Multi-Race
587,Lopes,2416.0,153,15.1,2074,16029,Multi-Race
588,Fontes,568.0,856,15.1,8139,3751,Multi-Race
589,Xavier,339.0,1518,14.9,12533,2268,Multi-Race
590,Mahmood,523.0,940,14.8,8594,3525,Multi-Race
591,Yousif,380.0,1333,14.7,11224,2589,Multi-Race
592,Sheikh,549.0,887,14.7,8200,3724,Multi-Race
593,Gonsalves,1114.0,403,14.5,4265,7690,Multi-Race
594,Dasilva,2016.0,207,14.4,2378,13978,Multi-Race
595,Ribeiro,708.0,688,14.4,6395,4905,Multi-Race
596,Soliman,320.0,1617,14.3,12716,2230,Multi-Race
597,Salim,283.0,1829,14.3,13989,1979,Multi-Race
598,Musa,300.0,1740,14.2,13256,2111,Multi-Race
599,Uddin,415.0,1220,14.1,10093,2944,Multi-Race
